LVal18AFC,PDate,GDate,NumberTrade,VolumeTrade,Value,ClosePrice,LastPrice,PriceMin,PriceMax,PriceFirst,PriceYesterday
?????,13971225,20190316,1443,10214244,59912010474,5866,5904,5760,5904,5810,5623
?????,13971222,20190313,2501,18049883,1.02E+11,5623,5730,5402,5750,5510,5543
?????,13971222,20190313,2501,18049883,1.02E+11,5623,5730,5402,5750,5510,5543
?????,13971221,20190312,1233,7372327,40868193543,5543,5520,5502,5640,5640,5588
?????,13971221,20190312,1233,7372327,40868193543,5543,5520,5502,5640,5640,5588
?????,13971220,20190311,1828,11678982,65263054687,5588,5601,5455,5618,5470,5450
?????,13971220,20190311,1828,11678982,65263054687,5588,5601,5455,5618,5470,5450
?????,13971219,20190310,1495,9917151,54044102143,5450,5477,5341,5508,5341,5352
?????,13971219,20190310,1495,9917151,54044102143,5450,5477,5341,5508,5341,5352
?????,13971218,20190309,980,7880886,42182440576,5352,5356,5326,5387,5380,5341
?????,13971218,20190309,980,7880886,42182440576,5352,5356,5326,5387,5380,5341
?????,13971215,20190306,921,6884886,36772521580,5341,5380,5310,5385,5376,5345
?????,13971215,20190306,921,6884886,36772521580,5341,5380,5310,5385,5376,5345
?????,13971214,20190305,1187,9306810,49743646884,5345,5360,5309,5401,5401,5421
?????,13971214,20190305,1187,9306810,49743646884,5345,5360,5309,5401,5401,5421
?????,13971213,20190304,2038,14576612,79022955632,5421,5380,5332,5498,5332,5313
?????,13971213,20190304,2038,14576612,79022955632,5421,5380,5332,5498,5332,5313
?????,13971212,20190303,1083,7384554,39231348652,5313,5318,5285,5385,5285,5307
?????,13971212,20190303,1083,7384554,39231348652,5313,5318,5285,5385,5285,5307
?????,13971211,20190302,1425,9463139,50221926031,5307,5339,5279,5399,5380,5313
?????,13971211,20190302,1425,9463139,50221926031,5307,5339,5279,5399,5380,5313
?????,13971208,20190227,1327,7824648,41569444836,5313,5350,5220,5400,5250,5152
?????,13971208,20190227,1327,7824648,41569444836,5313,5350,5220,5400,5250,5152
?????,13971207,20190226,1464,9380976,48328396254,5152,5201,5060,5238,5080,5287
?????,13971207,20190226,1464,9380976,48328396254,5152,5201,5060,5238,5080,5287
?????,13971206,20190225,1382,6382460,33744420241,5287,5259,5251,5399,5317,5317
?????,13971206,20190225,1382,6382460,33744420241,5287,5259,5251,5399,5317,5317
?????,13971205,20190224,2103,10378544,55181399346,5317,5380,5227,5400,5340,5390
?????,13971205,20190224,2103,10378544,55181399346,5317,5380,5227,5400,5340,5390
?????,13971204,20190223,3219,21103193,1.14E+11,5390,5300,5200,5465,5200,5205
?????,13971204,20190223,3219,21103193,1.14E+11,5390,5300,5200,5465,5200,5205
?????,13971201,20190220,2396,13456563,70035977247,5205,5238,5033,5238,5100,4989
?????,13971201,20190220,2396,13456563,70035977247,5205,5238,5033,5238,5100,4989
?????,13971130,20190219,1609,9901969,49405384914,4989,5031,4793,5031,4801,4792
?????,13971130,20190219,1609,9901969,49405384914,4989,5031,4793,5031,4801,4792
?????,13971129,20190218,1168,7135061,34192385598,4792,4800,4751,4850,4800,4844
?????,13971129,20190218,1168,7135061,34192385598,4792,4800,4751,4850,4800,4844
?????,13971128,20190217,1036,5094683,24680540228,4844,4875,4801,4936,4936,4885
?????,13971128,20190217,1036,5094683,24680540228,4844,4875,4801,4936,4936,4885
?????,13971127,20190216,1180,6208436,30328518765,4885,4900,4850,4950,4940,4881
?????,13971127,20190216,1180,6208436,30328518765,4885,4900,4850,4950,4940,4881
?????,13971124,20190213,1067,3967762,19367887905,4881,4871,4845,4998,4899,4884
?????,13971124,20190213,1067,3967762,19367887905,4881,4871,4845,4998,4899,4884
?????,13971123,20190212,1072,3508056,17132371999,4884,4899,4868,4990,4900,4933
?????,13971123,20190212,1072,3508056,17132371999,4884,4899,4868,4990,4900,4933
?????,13971121,20190210,842,3304985,16301863585,4933,4915,4901,5047,4959,4993
?????,13971121,20190210,842,3304985,16301863585,4933,4915,4901,5047,4959,4993
?????,13971117,20190206,973,4561939,22778920888,4993,4957,4922,5039,4922,4909
?????,13971117,20190206,973,4561939,22778920888,4993,4957,4922,5039,4922,4909
?????,13971116,20190205,1351,7390321,36280216667,4909,4970,4821,4997,4920,4901
?????,13971116,20190205,1351,7390321,36280216667,4909,4970,4821,4997,4920,4901
?????,13971115,20190204,970,4690397,22986198955,4901,4920,4820,4961,4892,4857
?????,13971115,20190204,970,4690397,22986198955,4901,4920,4820,4961,4892,4857
?????,13971114,20190203,1944,9287934,45108976994,4857,4877,4800,4999,4999,5016
?????,13971114,20190203,1944,9287934,45108976994,4857,4877,4800,4999,4999,5016
?????,13971113,20190202,1063,3866867,19397438759,5016,4983,4980,5100,5077,5035
?????,13971113,20190202,1063,3866867,19397438759,5016,4983,4980,5100,5077,5035
?????,13971110,20190130,1297,7216743,36337601022,5035,5027,5001,5109,5109,5084
?????,13971110,20190130,1297,7216743,36337601022,5035,5027,5001,5109,5109,5084
?????,13971109,20190129,1206,6157258,31303894751,5084,5067,5050,5120,5050,5067
?????,13971109,20190129,1206,6157258,31303894751,5084,5067,5050,5120,5050,5067
?????,13971108,20190128,1461,6958953,35261057067,5067,5046,4950,5140,5050,5003
?????,13971108,20190128,1461,6958953,35261057067,5067,5046,4950,5140,5050,5003
?????,13971107,20190127,2140,12909140,64580730160,5003,4930,4900,5140,5000,5028
?????,13971107,20190127,2140,12909140,64580730160,5003,4930,4900,5140,5000,5028
?????,13971106,20190126,2629,12393766,62319849604,5028,4979,4960,5186,5185,5135
?????,13971106,20190126,2629,12393766,62319849604,5028,4979,4960,5186,5185,5135
?????,13971103,20190123,1819,7530177,38669307101,5135,5135,5087,5237,5147,5052
?????,13971103,20190123,1819,7530177,38669307101,5135,5135,5087,5237,5147,5052
?????,13971102,20190122,4119,37362846,1.89E+11,5052,5148,4989,5229,4989,5251
?????,13971101,20190121,754,5796903,30436999970,5251,5220,5220,5380,5378,5494
?????,13971101,20190121,754,5796903,30436999970,5251,5220,5220,5380,5378,5494
?????,13971030,20190120,2138,13164129,72329494695,5494,5450,5405,5629,5580,5538
?????,13971030,20190120,2138,13164129,72329494695,5494,5450,5405,5629,5580,5538
?????,13971029,20190119,2280,10582608,58607263785,5538,5500,5440,5688,5556,5523
?????,13971029,20190119,2280,10582608,58607263785,5538,5500,5440,5688,5556,5523
?????,13971026,20190116,3183,14872744,82144460970,5523,5474,5406,5700,5617,5570
?????,13971026,20190116,3183,14872744,82144460970,5523,5474,5406,5700,5617,5570
?????,13971025,20190115,4281,23932577,1.33E+11,5570,5580,5450,5617,5470,5350
?????,13971025,20190115,4281,23932577,1.33E+11,5570,5580,5450,5617,5470,5350
?????,13971024,20190114,3276,23206661,1.24E+11,5350,5383,5190,5383,5198,5127
?????,13971024,20190114,3276,23206661,1.24E+11,5350,5383,5190,5383,5198,5127
?????,13971023,20190113,1783,9764807,50065879041,5127,5168,5022,5179,5070,5100
?????,13971023,20190113,1783,9764807,50065879041,5127,5168,5022,5179,5070,5100
?????,13971022,20190112,2140,10420558,53142433076,5100,5080,5013,5169,5110,5145
?????,13971022,20190112,2140,10420558,53142433076,5100,5080,5013,5169,5110,5145
?????,13971019,20190109,2984,16010746,82371941400,5145,5090,5005,5284,5176,5198
?????,13971019,20190109,2984,16010746,82371941400,5145,5090,5005,5284,5176,5198
?????,13971018,20190108,2993,15785259,82053269437,5198,5160,5130,5286,5180,5077
?????,13971018,20190108,2993,15785259,82053269437,5198,5160,5130,5286,5180,5077
?????,13971017,20190107,2345,15361445,77993063568,5077,5140,5001,5140,5001,4969
?????,13971017,20190107,2345,15361445,77993063568,5077,5140,5001,5140,5001,4969
?????,13971016,20190106,2387,11465742,56970474004,4969,4998,4880,5030,4910,4874
?????,13971016,20190106,2387,11465742,56970474004,4969,4998,4880,5030,4910,4874
?????,13971015,20190105,1949,9039861,44060619065,4874,4871,4800,4949,4824,4720
?????,13971015,20190105,1949,9039861,44060619065,4874,4871,4800,4949,4824,4720
?????,13971012,20190102,1638,12071193,56981613014,4720,4706,4670,4800,4800,4812
?????,13971012,20190102,1638,12071193,56981613014,4720,4706,4670,4800,4800,4812
?????,13971011,20190101,1845,13493328,64934154906,4812,4785,4763,4870,4800,4715
?????,13971011,20190101,1845,13493328,64934154906,4812,4785,4763,4870,4800,4715
?????,13971010,20181231,2256,13332693,62861360446,4715,4768,4570,4800,4800,4783
?????,13971009,20181230,2982,16786292,80293209241,4783,4798,4710,4830,4830,4704
?????,13971008,20181229,2852,24855721,1.17E+11,4704,4727,4590,4727,4600,4502
?????,13971005,20181226,2080,16287821,73326740231,4502,4522,4331,4522,4347,4307
?????,13971004,20181225,921,4708533,20278849503,4307,4310,4263,4360,4350,4367
?????,13971003,20181224,1279,8067257,35230823085,4367,4360,4334,4445,4401,4331
?????,13971002,20181223,1295,11345868,49140482781,4331,4339,4200,4339,4212,4133
?????,13971001,20181222,1377,12181171,50340105234,4133,4185,4069,4200,4100,4095
?????,13970928,20181219,1859,14778319,60517462736,4095,4148,4041,4198,4198,4180
?????,13970927,20181218,1335,7323757,30610674210,4180,4199,4149,4250,4250,4263
?????,13970926,20181217,1189,7544066,32157533464,4263,4218,4178,4378,4320,4291
?????,13970925,20181216,1042,3571467,15325449708,4291,4295,4252,4355,4330,4378
?????,13970924,20181215,986,3853878,16872881028,4378,4323,4320,4420,4365,4363
?????,13970921,20181212,886,4224146,18429526464,4363,4380,4312,4430,4430,4419
?????,13970920,20181211,891,3939264,17405850155,4419,4407,4364,4449,4449,4351
?????,13970919,20181210,974,8385882,36483744171,4351,4390,4320,4390,4387,4342
?????,13970918,20181209,1300,7768097,33728859228,4342,4355,4301,4404,4404,4432
?????,13970917,20181208,1521,7468433,33100380777,4432,4409,4404,4519,4519,4418
?????,13970914,20181205,1781,10372933,45822645426,4418,4400,4341,4496,4381,4464
?????,13970913,20181204,2143,14699055,65618851509,4464,4462,4321,4580,4580,4458
?????,13970912,20181203,2874,24776641,1.10E+11,4458,4482,4407,4482,4482,4269
?????,13970911,20181202,1436,11701911,49953923582,4269,4278,4135,4278,4135,4075
?????,13970910,20181201,1968,13108512,53422280263,4075,4145,3985,4168,4168,4149
?????,13970907,20181128,1843,8859521,36758418450,4149,4179,4040,4278,4200,4169
?????,13970906,20181127,2118,13675268,57014306322,4169,4185,4073,4185,4073,3986
?????,13970905,20181126,2651,17654009,70373870588,3986,4072,3939,4113,4000,4146
?????,13970903,20181124,2505,16659868,69070002897,4146,4139,4139,4280,4258,4356
?????,13970830,20181121,1831,10539959,45909754652,4356,4349,4308,4430,4430,4459
?????,13970829,20181120,1499,13608734,60679831384,4459,4437,4400,4540,4540,4423
?????,13970828,20181119,1983,12568850,55588534905,4423,4400,4330,4479,4349,4289
?????,13970827,20181118,2585,18730238,80336285130,4289,4315,4245,4470,4470,4468
?????,13970826,20181117,2303,12116933,54142867118,4468,4440,4400,4588,4580,4574
?????,13970823,20181114,1596,10155303,46447009482,4574,4603,4550,4649,4600,4696
?????,13970822,20181113,1465,8892215,41754636945,4696,4650,4650,4750,4730,4676
?????,13970821,20181112,1686,9538900,44601801276,4676,4700,4618,4725,4689,4616
?????,13970820,20181111,2626,16013816,73923839831,4616,4688,4570,4820,4800,4810
?????,13970819,20181110,3272,19127330,91995276297,4810,4838,4755,4980,4902,4989
?????,13970814,20181105,1412,8748821,44083198167,5039,5048,4977,5100,5000,4971
?????,13970813,20181104,2218,17935131,89155605448,4971,4930,4820,5099,5045,5045
?????,13970812,20181103,2320,16370366,82585416060,5045,5009,4979,5130,5130,5128
?????,13970809,20181031,2822,22609764,1.16E+11,5128,5151,5052,5230,5201,5219
?????,13970807,20181029,4443,27305675,1.42E+11,5219,5178,5150,5348,5297,5261
?????,13970806,20181028,6423,67512894,3.55E+11,5261,5270,5100,5284,5150,5033
?????,13970805,20181027,2374,41168524,2.07E+11,5033,5036,4961,5036,5036,4797
?????,13970802,20181024,2028,17295951,82967275319,4797,4728,4726,5100,4950,4974
?????,13970801,20181023,2727,23084084,1.15E+11,4974,4970,4856,5140,5100,4990
?????,13970730,20181022,3854,32258080,1.61E+11,4990,5059,4830,5150,4950,4917
?????,13970729,20181021,3107,22755610,1.12E+11,4917,4840,4800,5100,5100,4934
?????,13970728,20181020,2407,26912383,1.33E+11,4934,4950,4810,4950,4890,4715
?????,13970725,20181017,2520,18373222,86625430941,4715,4765,4512,4847,4700,4684
?????,13970724,20181016,3504,39452021,1.85E+11,4684,4701,4568,4702,4702,4479
?????,13970723,20181015,636,4562524,20434940846,4479,4486,4360,4486,4360,4273
?????,13970722,20181014,891,8073674,34497754589,4273,4360,4244,4370,4245,4467
?????,13970721,20181013,1148,11949800,53374880459,4467,4445,4445,4750,4678,4678
?????,13970718,20181010,3372,29348141,1.37E+11,4678,4649,4502,4819,4700,4697
?????,13970717,20181009,2776,36235447,1.70E+11,4697,4690,4590,4715,4681,4491
?????,13970716,20181008,4645,41897112,1.88E+11,4491,4587,4387,4617,4617,4860
?????,13970715,20181007,333,4259105,20699250300,4860,4860,4860,4860,4860,5115
?????,13970714,20181006,6115,75418934,3.86E+11,5115,5043,5043,5290,5060,5308
?????,13970711,20181003,563,4382448,23262033984,5308,5308,5308,5308,5308,5587
?????,13970710,20181002,274,1608863,8948496006,5587,5562,5562,5562,5562,5854
?????,13970709,20181001,2591,25033373,1.47E+11,5854,5854,5854,5854,5854,6162
?????,13970708,20180930,2789,24157380,1.49E+11,6162,6211,5970,6211,6000,5916
?????,13970707,20180929,5468,43799804,2.59E+11,5916,5961,5799,5961,5961,5678
?????,13970704,20180926,3866,45304730,2.57E+11,5678,5703,5482,5703,5580,5432
?????,13970703,20180925,4415,36473060,1.98E+11,5432,5420,5301,5510,5360,5272
?????,13970702,20180924,4036,25859839,1.36E+11,5272,5315,5225,5440,5440,5398
?????,13970701,20180923,3955,38296682,2.07E+11,5398,5300,5227,5432,5227,5174
?????,13970631,20180922,4176,25857781,1.34E+11,5174,5190,5050,5260,5260,5249
?????,13970627,20180918,3127,20216709,1.06E+11,5249,5225,5160,5399,5359,5382
?????,13970626,20180917,5058,47884010,2.58E+11,5382,5220,5155,5499,5499,5238
?????,13970625,20180916,3338,39198145,2.05E+11,5238,5327,5074,5327,5074,5341
?????,13970624,20180915,98,6748166,36041954606,5341,5341,5341,5341,5341,5087
?????,13970621,20180912,485,9314405,47382378235,5087,5087,5087,5087,5087,4845
?????,13970620,20180911,3400,28306323,1.37E+11,4845,4932,4620,4999,4845,4785
?????,13970619,20180910,3736,36062700,1.73E+11,4785,4769,4653,4817,4700,4588
?????,13970618,20180909,3921,35865489,1.65E+11,4588,4648,4380,4648,4465,4427
?????,13970617,20180908,2567,16373653,72487919493,4427,4394,4380,4489,4450,4374
?????,13970614,20180905,1622,8352081,36531010839,4374,4397,4330,4447,4447,4450
?????,13970613,20180904,1940,13243107,58928989677,4450,4410,4351,4511,4400,4316
?????,13970612,20180903,1849,11934111,51507030974,4316,4340,4202,4410,4251,4251
?????,13970611,20180902,1784,13975721,59409913380,4251,4259,4237,4395,4395,4459
?????,13970610,20180901,2863,20865374,93038942614,4459,4378,4338,4580,4580,4416
?????,13970607,20180829,3548,38618879,1.71E+11,4416,4439,4311,4439,4390,4228
?????,13970606,20180828,2525,17099455,72288131067,4228,4269,4101,4380,4380,4274
?????,13970605,20180827,3836,34132601,1.46E+11,4274,4320,4190,4369,4279,4189
?????,13970604,20180826,3728,33891333,1.42E+11,4189,4192,4077,4260,4200,4273
?????,13970603,20180825,3577,25729559,1.10E+11,4273,4179,4179,4475,4430,4398
?????,13970530,20180821,2501,17623672,77511869441,4398,4429,4350,4485,4485,4529
?????,13970529,20180820,2200,20860844,94483283228,4529,4480,4436,4619,4450,4530
?????,13970528,20180819,2801,23967498,1.09E+11,4530,4434,4400,4639,4560,4419
?????,13970527,20180818,1558,10528415,46527743060,4419,4527,4300,4548,4479,4482
?????,13970524,20180815,1594,11013141,49356606842,4482,4500,4410,4560,4560,4640
?????,13970523,20180814,4357,74513917,3.46E+11,4640,4563,4500,4655,4650,4434
?????,13970522,20180813,1450,11872186,52638065127,4434,4470,4329,4549,4520,4552
?????,13970521,20180812,2972,30154679,1.37E+11,4552,4503,4470,4690,4480,4498
?????,13970520,20180811,3965,65757182,2.96E+11,4498,4492,4492,4572,4492,4728
?????,13970517,20180808,1456,15719379,74316234176,4728,4675,4675,4880,4800,4921
?????,13970516,20180807,5235,63008866,3.10E+11,4921,4770,4595,5077,4836,4836
?????,13970515,20180806,2038,56554969,2.73E+11,4836,4836,4760,4836,4836,4606
?????,13970514,20180805,2560,56793320,2.62E+11,4606,4612,4520,4612,4612,4393
?????,13970513,20180804,6104,119108234,5.23E+11,4393,4437,4226,4437,4226,4025
?????,13970510,20180801,0,0,0,4025,4030,0,0,0,4025
?????,13970509,20180731,100,2920775,11770723250,4025,4030,4030,4030,4030,3839
?????,13970508,20180730,1247,35703052,1.37E+11,3839,3861,3750,3861,3750,3678
?????,13970507,20180729,3485,89394024,3.29E+11,3678,3680,3600,3680,3680,3505
?????,13970506,20180728,528,16675477,58447546885,3505,3505,3505,3505,3505,3339
?????,13970503,20180725,424,4155129,13873957934,3339,3386,3301,3387,3387,3370
?????,13970502,20180724,384,3329844,11221756707,3370,3375,3335,3480,3470,3413
?????,13970501,20180723,631,6700971,22872989243,3413,3400,3350,3480,3450,3394
?????,13970431,20180722,617,5631690,19113752301,3394,3378,3321,3440,3366,3316
?????,13970430,20180721,390,3094341,10261430922,3316,3262,3250,3391,3350,3330
?????,13970427,20180718,639,6524241,21724426291,3330,3290,3250,3435,3399,3396
?????,13970426,20180717,316,1901028,6408128851,3396,3340,3315,3450,3439,3440
?????,13970425,20180716,274,1387266,4736465780,3440,3393,3390,3462,3412,3463
?????,13970424,20180715,345,1962797,6742152252,3463,3420,3410,3500,3500,3518
?????,13970423,20180714,1000,12982338,45676422960,3518,3489,3390,3539,3415,3371
?????,13970420,20180711,556,3351243,11296550398,3371,3370,3303,3435,3410,3368
?????,13970419,20180710,278,1667369,5616592322,3368,3360,3341,3440,3380,3366
?????,13970417,20180708,675,7948827,26755761382,3366,3300,3298,3490,3389,3419
?????,13970416,20180707,684,10617336,36299877398,3419,3407,3407,3520,3520,3586
?????,13970413,20180704,1049,10722385,38446202269,3586,3490,3457,3710,3680,3638
?????,13970412,20180703,2419,69109465,2.51E+11,3638,3639,3560,3639,3599,3466
?????,13970411,20180702,945,13269786,45989080537,3466,3512,3340,3512,3400,3345
?????,13970410,20180701,1137,23751910,79442347952,3345,3339,3339,3471,3425,3514
?????,13970409,20180630,661,6487173,22795229913,3514,3425,3392,3648,3450,3567
?????,13970406,20180627,1688,28395591,1.01E+11,3567,3441,3441,3711,3622,3622
?????,13970404,20180625,2551,72441763,2.75E+11,3792,3793,3725,3793,3760,3613
?????,13970403,20180624,995,25578167,92426287056,3613,3616,3460,3616,3499,3444
?????,13970402,20180623,941,9043922,31149460632,3444,3444,3350,3499,3460,3105
?????,13970330,20180620,0,0,0,3705,3705,0,0,0,3705
?????,13970329,20180619,0,0,0,3705,3705,0,0,0,3705
?????,13970328,20180618,1325,39648805,1.47E+11,3705,3705,3705,3705,3705,3529
?????,13970327,20180617,389,14452208,51001842032,3529,3529,3529,3529,3529,3361
?????,13970323,20180613,1044,17601503,59163861015,3361,3381,3250,3381,3250,3220
?????,13970322,20180612,532,6108155,19666529101,3220,3230,3198,3299,3219,3192
?????,13970321,20180611,709,8473776,27045913994,3192,3190,3138,3220,3152,3137
?????,13970320,20180610,391,4288890,13453034266,3137,3160,3077,3199,3113,3116
?????,13970319,20180609,506,4382367,13653979621,3116,3103,3100,3148,3140,3100
?????,13970313,20180603,449,3752239,11631843593,3100,3100,3081,3123,3100,3024
?????,13970312,20180602,223,1101403,3378403320,3024,3070,3040,3094,3040,3001
?????,13970309,20180530,320,3429368,10291059147,3001,3021,2900,3034,2910,2927
?????,13970308,20180529,123,1080694,3151879410,2927,2950,2900,2956,2915,2932
?????,13970307,20180528,190,2138110,6274735132,2932,2914,2883,2999,2900,2928
?????,13970306,20180527,286,2158927,6319027825,2928,2920,2880,2999,2900,2931
?????,13970305,20180526,351,2801323,8228859091,2931,2890,2888,3008,2888,2888
?????,13970302,20180523,305,2347362,6765679813,2888,2878,2859,2960,2960,2902
?????,13970301,20180522,460,3100870,8991566060,2902,2865,2857,2987,2987,2965
?????,13970231,20180521,151,729440,2142687237,2965,2930,2926,2979,2979,2973
?????,13970230,20180520,232,1112218,3263238298,2973,2930,2911,2990,2975,2993
?????,13970229,20180519,199,1565129,4688707892,2993,2970,2965,3030,3020,2990
?????,13970226,20180516,186,2246433,6719868609,2990,2999,2980,3020,3000,2986
?????,13970225,20180515,255,3053853,9124883910,2986,2968,2968,3019,2999,2957
?????,13970224,20180514,178,1087303,3247975431,2957,2990,2972,2990,2980,2941
?????,13970223,20180513,91,387673,1150260947,2941,2961,2961,2989,2989,2938
?????,13970222,20180512,193,1808051,5347210235,2938,2965,2914,2990,2920,2913
?????,13970219,20180509,447,6494060,18917657324,2913,2900,2830,3029,2930,2914
?????,13970218,20180508,144,926577,2729117213,2914,2920,2915,2950,2949,2902
?????,13970217,20180507,140,932309,2722530173,2902,2924,2870,2949,2889,2894
?????,13970216,20180506,154,1171208,3377123293,2894,2890,2840,2899,2898,2900
?????,13970215,20180505,96,446684,1291137742,2900,2880,2811,2949,2881,2902
?????,13970211,20180501,100,549789,1598402964,2902,2896,2880,2945,2897,2901
?????,13970210,20180430,112,589163,1700112797,2901,2889,2863,2948,2934,2905
?????,13970209,20180429,181,1377947,4032182494,2905,2918,2880,2969,2949,2890
?????,13970208,20180428,177,1517763,4403217662,2890,2975,2836,2990,2836,2881
?????,13970205,20180425,220,1748092,5020500349,2881,2840,2840,2910,2910,2891
?????,13970204,20180424,309,2112207,6089465924,2891,2847,2842,2969,2860,2906
?????,13970203,20180423,190,912069,2617337609,2906,2875,2850,2880,2871,2920
?????,13970202,20180422,456,1955173,5613057367,2920,2869,2846,2940,2940,2995
?????,13970201,20180421,211,1484091,4408309705,2995,2950,2943,3019,3019,3016
?????,13970129,20180418,186,745682,2243223426,3016,3009,2990,3035,3030,3018
?????,13970128,20180417,154,983619,2966134454,3018,3028,2981,3050,3010,3019
?????,13970127,20180416,265,1907938,5738731779,3019,2965,2950,3099,3045,3034
?????,13970126,20180415,321,1525674,4554961988,3034,2940,2927,3051,3050,3078
?????,13970122,20180411,765,8156453,25109218275,3078,3050,3050,3205,3205,3210
?????,13970121,20180410,704,6779686,21761289632,3210,3173,3173,3320,3176,3340
?????,13970120,20180409,498,10368166,34634597753,3340,3344,3233,3344,3234,3185
?????,13970119,20180408,398,3786267,12059483170,3185,3220,3160,3243,3211,3288
?????,13970118,20180407,218,1369029,4437948157,3288,3220,3201,3302,3302,3327
?????,13970115,20180404,158,910414,3006390238,3327,3309,3278,3340,3300,3338
?????,13970114,20180403,152,672285,2216436885,3338,3277,3277,3337,3300,3350
?????,13970108,20180328,166,735088,2431381169,3350,3340,3265,3340,3340,3364
?????,13970107,20180327,247,1467789,4891153974,3364,3300,3300,3395,3395,3395
?????,13970106,20180326,195,1037134,3496926992,3395,3351,3340,3400,3371,3407
?????,13970105,20180325,278,1503689,5145428468,3407,3380,3362,3555,3555,3391
?????,13961228,20180319,1043,14088018,47767209972,3391,3400,3250,3404,3250,3242
?????,13961227,20180318,339,2441507,7984127051,3242,3238,3190,3310,3250,3154
?????,13961226,20180317,306,1663245,5308637326,3154,3220,3100,3254,3160,3114
?????,13961223,20180314,195,1639719,5079223811,3114,3100,3080,3197,3197,3131
?????,13961222,20180313,418,3060848,9595548629,3131,3090,3090,3199,3147,3053
?????,13961221,20180312,328,2810852,8596898490,3053,3150,3006,3169,3006,3019
?????,13961220,20180311,216,2877754,8686689643,3019,3010,3010,3040,3040,3027
?????,13961219,20180310,155,1087369,3294232110,3027,3040,2986,3046,2986,3026
?????,13961216,20180307,217,1325557,4024603660,3026,3016,3000,3065,3018,3019
?????,13961215,20180306,230,2657438,8029338439,3019,3020,2980,3069,2981,3007
?????,13961214,20180305,204,3003232,9032296651,3007,3000,2967,3021,2995,2998
?????,13961213,20180304,203,3759607,11272247820,2998,2980,2960,3011,2977,2999
?????,13961212,20180303,232,5725016,17171669126,2999,3000,2975,3020,3018,3010
?????,13961209,20180228,204,2687238,8089766057,3010,3019,2980,3030,3020,3009
?????,13961208,20180227,304,3936342,11844141766,3009,3020,2962,3026,2990,2986
?????,13961207,20180226,132,1594822,4754785677,2986,2960,2960,3010,2996,2991
?????,13961206,20180225,100,1111770,3316586409,2991,2970,2960,3000,2967,2995
?????,13961205,20180224,210,1874258,5593951792,2995,2997,2956,3030,3000,3010
?????,13961202,20180221,304,4585875,13803277629,3010,3000,2996,3049,3025,3005
?????,13961130,20180219,333,2333558,7039800495,3005,3025,2980,3059,2980,2974
?????,13961129,20180218,352,6468273,19238837822,2974,2983,2960,2993,2983,2976
?????,13961128,20180217,210,3523493,10487141238,2976,2981,2945,2989,2979,2957
?????,13961125,20180214,213,1846397,5486091638,2957,2981,2940,2983,2966,2937
?????,13961124,20180213,239,4545004,13347597842,2937,2949,2892,2960,2900,2907
?????,13961123,20180212,521,8039490,23367893398,2907,2937,2881,2969,2920,2918
?????,13961121,20180210,600,9905976,28909702095,2918,2900,2895,2975,2969,2977
?????,13961118,20180207,658,11644870,34665034021,2977,2980,2950,3000,2983,2959
?????,13961117,20180206,311,3353769,9924362974,2959,2972,2929,2987,2965,2938
?????,13961116,20180205,329,5129120,15069913731,2938,2950,2910,2957,2924,2925
?????,13961114,20180203,339,4023538,11726054650,2914,2901,2897,2959,2959,2952
?????,13961111,20180131,426,5643162,16658770419,2952,2958,2921,2970,2969,2970
?????,13961110,20180130,405,7465072,22170222208,2970,2952,2944,2989,2989,2982
?????,13961109,20180129,378,6296272,18773122923,2982,2986,2960,2999,2985,2987
?????,13961108,20180128,533,8238554,24608265327,2987,2980,2922,2991,2922,2983
?????,13961107,20180127,531,10017186,29881494813,2983,2971,2920,3000,2990,2996
?????,13961104,20180124,691,7099489,21269087158,2996,2961,2961,3038,3000,2986
?????,13961103,20180123,961,12328068,36808046878,2986,2989,2955,3014,2960,2926
?????,13961102,20180122,1158,15328623,44856423259,2926,2940,2870,2948,2876,2867
?????,13961101,20180121,987,15025243,43080079453,2867,2877,2840,2927,2880,2914
?????,13961030,20180120,634,6994593,20378942250,2914,2920,2891,2937,2911,2870
?????,13961027,20180117,1324,28082416,80605797708,2870,2887,2847,2925,2877,2847
?????,13961026,20180116,2274,46576403,1.33E+11,2847,2867,2772,2867,2772,2731
?????,13961025,20180115,1427,25065465,68443828984,2731,2775,2684,2779,2684,2665
?????,13961024,20180114,388,3451395,9198333366,2665,2650,2616,2698,2616,2616
?????,13961023,20180113,226,2140866,5615722202,2616,2615,2611,2640,2638,2603
?????,13961020,20180110,515,15198891,39564527016,2603,2617,2596,2639,2639,2607
?????,13961019,20180109,212,1809519,4731199559,2607,2620,2572,2635,2611,2597
?????,13961018,20180108,365,3473351,9020286634,2597,2580,2550,2615,2555,2537
?????,13961017,20180107,125,903978,2304007841,2537,2550,2538,2580,2573,2533
?????,13961016,20180106,164,1125717,2876963652,2533,2549,2501,2573,2501,2521
?????,13961013,20180103,137,833413,2093431053,2521,2508,2461,2575,2573,2524
?????,13961012,20180102,198,2270459,5747073125,2524,2522,2519,2566,2540,2507
?????,13961011,20180101,198,1624135,4097075806,2507,2514,2504,2540,2525,2491
?????,13961010,20171231,535,4063132,10121004805,2491,2490,2446,2570,2570,2547
?????,13961009,20171230,405,4342903,11061992800,2547,2529,2520,2610,2597,2588
?????,13961006,20171227,227,2409376,6239797523,2588,2585,2576,2619,2619,2584
?????,13961005,20171226,596,9413760,24328211763,2584,2600,2570,2620,2598,2572
?????,13961004,20171225,482,5688562,14631162640,2572,2589,2537,2630,2537,2543
?????,13961003,20171224,565,6385129,16236834067,2543,2520,2512,2588,2549,2516
?????,13961002,20171223,634,4828770,12149936477,2516,2550,2500,2560,2532,2551
?????,13960929,20171220,148,1056864,2686262400,2551,2541,2530,2565,2536,2555
?????,13960928,20171219,211,1967659,5011918393,2555,2547,2530,2566,2552,2568
?????,13960927,20171218,291,1981543,5048210349,2568,2540,2531,2582,2582,2600
?????,13960926,20171217,299,2393562,6209888796,2600,2574,2570,2650,2649,2616
?????,13960925,20171216,442,4439677,11613669337,2616,2620,2592,2680,2650,2629
?????,13960922,20171213,464,3963615,10420308600,2629,2650,2580,2659,2600,2535
?????,13960921,20171212,359,3058169,7762831574,2535,2590,2500,2590,2520,2479
?????,13960920,20171211,130,682717,1703130362,2479,2487,2466,2519,2497,2475
?????,13960919,20171210,127,689707,1707383634,2475,2485,2460,2488,2460,2475
?????,13960918,20171209,106,1095170,2694278176,2475,2465,2445,2480,2480,2482
?????,13960914,20171205,148,972392,2398719770,2482,2460,2460,2493,2466,2488
?????,13960913,20171204,135,1452004,3603572369,2488,2467,2467,2500,2500,2493
?????,13960912,20171203,153,1370715,3424362963,2493,2490,2451,2550,2510,2490
?????,13960911,20171202,242,3170118,7895934555,2490,2462,2451,2540,2540,2449
?????,13960908,20171129,172,1193120,2955061890,2449,2511,2429,2530,2429,2432
?????,13960907,20171128,239,1827342,4420378931,2432,2416,2403,2450,2450,2448
?????,13960905,20171126,310,2716121,6631531975,2448,2407,2400,2520,2501,2484
?????,13960904,20171125,680,10371261,25762919610,2484,2481,2420,2500,2421,2406
?????,13960901,20171122,1010,31434644,75639781281,2406,2410,2394,2420,2400,2407
?????,13960830,20171121,149,910722,2186331269,2407,2396,2395,2420,2398,2409
?????,13960829,20171120,79,366113,880517741,2409,2398,2392,2440,2432,2409
?????,13960827,20171118,399,25376336,61122081871,2409,2408,2394,2480,2440,2408
?????,13960824,20171115,121,1036973,2497170517,2408,2400,2382,2470,2382,2408
?????,13960823,20171114,187,1871881,4480199339,2408,2380,2380,2450,2450,2429
?????,13960822,20171113,80,332204,804075306,2429,2401,2400,2455,2450,2430
?????,13960821,20171112,207,1964702,4788201422,2430,2450,2380,2494,2400,2418
?????,13960820,20171111,233,2164448,5201347737,2418,2382,2382,2435,2427,2448
?????,13960817,20171108,314,2697820,6578192838,2448,2450,2420,2481,2481,2496
?????,13960816,20171107,156,1943301,4852137254,2496,2490,2455,2500,2500,2494
?????,13960815,20171106,43,245932,612239038,2494,2490,2468,2500,2468,2494
?????,13960814,20171105,158,1043025,2595475723,2494,2450,2449,2528,2480,2497
?????,13960813,20171104,192,2522208,6316187867,2497,2475,2460,2550,2488,2472
?????,13960810,20171101,210,2487668,6124998009,2472,2450,2445,2489,2488,2506
?????,13960809,20171031,57,178765,444622408,2506,2475,2455,2519,2519,2507
?????,13960808,20171030,448,7685400,19264954215,2507,2490,2483,2549,2499,2449
?????,13960807,20171029,491,6910070,16922809512,2449,2458,2391,2499,2400,2400
?????,13960806,20171028,202,2639969,6324615498,2400,2387,2381,2405,2401,2417
?????,13960803,20171025,111,831273,1987146997,2417,2382,2374,2431,2431,2426
?????,13960802,20171024,369,5796037,14058462985,2426,2400,2392,2430,2411,2436
?????,13960801,20171023,324,3775689,9197042757,2436,2440,2352,2470,2352,2357
?????,13960730,20171022,183,4719646,11121954539,2357,2353,2350,2397,2379,2377
?????,13960729,20171021,110,786194,1865482877,2377,2380,2357,2380,2379,2378
?????,13960726,20171018,115,521969,1237516137,2378,2356,2355,2388,2370,2379
?????,13960725,20171017,64,566398,1349014944,2379,2372,2370,2391,2390,2378
?????,13960724,20171016,75,304864,725385992,2378,2380,2369,2397,2380,2378
?????,13960723,20171015,212,5022552,11944285828,2378,2360,2360,2400,2390,2367
?????,13960722,20171014,94,814519,1938346750,2367,2369,2364,2400,2400,2363
?????,13960719,20171011,77,442945,1042412357,2363,2340,2340,2375,2375,2364
?????,13960718,20171010,49,323132,765270807,2364,2361,2351,2390,2351,2363
?????,13960717,20171009,96,806073,1927481397,2363,2372,2333,2400,2373,2353
?????,13960716,20171008,152,1392069,3313135880,2353,2379,2283,2400,2283,2333
?????,13960715,20171007,174,2128969,4991808257,2333,2388,2283,2388,2283,2310
?????,13960712,20171004,57,510033,1170262469,2310,2287,2281,2309,2281,2313
?????,13960711,20171003,40,196221,447537150,2313,2281,2273,2300,2280,2315
?????,13960710,20171002,33,227572,523860720,2315,2305,2290,2312,2312,2316
?????,13960705,20170927,87,693947,1611713692,2316,2301,2301,2345,2314,2314
?????,13960704,20170926,109,695816,1602387322,2314,2307,2271,2328,2300,2317
?????,13960703,20170925,294,1434754,3258565019,2317,2273,2250,2320,2320,2353
?????,13960702,20170924,421,2269331,5298341113,2353,2320,2310,2400,2390,2396
?????,13960701,20170923,63,530143,1271726512,2396,2400,2355,2420,2355,2396
?????,13960629,20170920,101,626377,1503962604,2396,2415,2351,2415,2371,2395
?????,13960628,20170919,73,380634,915672631,2395,2415,2367,2415,2367,2394
?????,13960627,20170918,88,339298,812108547,2394,2400,2371,2419,2412,2394
?????,13960626,20170917,67,354342,852531328,2394,2400,2360,2415,2360,2392
?????,13960625,20170916,87,626719,1502013147,2392,2404,2361,2415,2361,2391
?????,13960622,20170913,112,820065,1947908943,2391,2394,2342,2394,2361,2396
?????,13960621,20170912,151,1543545,3703655523,2396,2385,2382,2410,2398,2393
?????,13960620,20170911,75,462489,1107114915,2393,2391,2351,2415,2415,2393
?????,13960619,20170910,86,1156640,2781435151,2393,2413,2394,2433,2430,2386
?????,13960615,20170906,99,669943,1607760224,2386,2420,2340,2440,2395,2383
?????,13960614,20170905,140,818938,1967937152,2383,2405,2400,2410,2400,2376
?????,13960613,20170904,148,1212442,2901092234,2376,2400,2370,2410,2370,2366
?????,13960612,20170903,104,800025,1904857386,2366,2388,2331,2398,2332,2361
?????,13960611,20170902,151,1654342,3915949676,2361,2380,2333,2399,2370,2355
?????,13960608,20170830,121,1054077,2490557960,2355,2370,2311,2383,2311,2351
?????,13960607,20170829,116,503971,1187461722,2351,2361,2335,2380,2380,2350
?????,13960606,20170828,155,828303,1942184113,2350,2322,2320,2365,2330,2352
?????,13960605,20170827,262,2164204,5153308153,2352,2333,2330,2405,2350,2292
?????,13960604,20170826,342,3769263,8637467334,2292,2297,2240,2297,2240,2188
?????,13960601,20170823,140,1009130,2242818119,2188,2249,2150,2249,2150,2173
?????,13960531,20170822,60,263579,572076741,2173,2194,2160,2218,2162,2173
?????,13960530,20170821,158,1166445,2561052569,2173,2155,2148,2250,2200,2160
?????,13960529,20170820,99,1143840,2503124777,2160,2161,2141,2219,2173,2144
?????,13960528,20170819,86,1122139,2411623299,2144,2159,2135,2164,2154,2142
?????,13960525,20170816,123,1721489,3671878696,2142,2121,2091,2179,2154,2153
?????,13960524,20170815,509,18354365,39518686412,2153,2160,2127,2179,2127,2167
?????,13960523,20170814,123,1102294,2362391981,2167,2116,2112,2198,2160,2179
?????,13960522,20170813,117,1108602,2397925258,2179,2167,2151,2207,2205,2187
?????,13960521,20170812,133,2007794,4375478614,2187,2180,2151,2209,2209,2201
?????,13960518,20170809,124,1465905,3199228913,2201,2174,2150,2230,2230,2216
?????,13960517,20170808,225,1602922,3551124500,2216,2203,2156,2270,2211,2216
?????,13960516,20170807,493,3269945,7244852161,2216,2230,2140,2230,2175,2124
?????,13960515,20170806,208,2158042,4629657764,2124,2150,2090,2175,2119,2081
?????,13960511,20170802,185,1354813,2838482063,2081,2080,2071,2130,2114,2070
?????,13960510,20170801,211,1932805,4016786197,2070,2099,2050,2145,2050,2058
?????,13960509,20170731,71,435188,894795197,2058,2068,2035,2070,2050,2058
?????,13960508,20170730,77,286412,584424489,2058,2035,2033,2060,2060,2060
?????,13960507,20170729,116,795226,1625131877,2060,2050,2039,2070,2062,2065
?????,13960504,20170726,119,757438,1558103573,2065,2058,2046,2069,2060,2067
?????,13960503,20170725,103,460875,945771309,2067,2061,2045,2070,2070,2070
?????,13960502,20170724,125,640667,1321086488,2070,2063,2055,2078,2070,2072
?????,13960501,20170723,100,536506,1111311214,2072,2070,2064,2087,2072,2072
?????,13960431,20170722,137,474368,987367833,2072,2087,2071,2100,2081,2070
?????,13960428,20170719,145,908582,1902460044,2070,2096,2079,2100,2097,2060
?????,13960427,20170718,153,1390147,2893886973,2060,2069,2060,2100,2076,2043
?????,13960426,20170717,130,963393,1978522338,2043,2043,2030,2078,2044,2039
?????,13960425,20170716,207,1583529,3256000807,2039,2040,2030,2079,2031,2022
?????,13960424,20170715,91,893910,1809050002,2022,2020,2008,2036,2008,2021
?????,13960421,20170712,117,705174,1415618283,2021,2003,2002,2032,2032,2025
?????,13960420,20170711,127,1138419,2300165616,2025,2035,2002,2037,2037,2028
?????,13960419,20170710,171,1279514,2581585310,2028,2020,2000,2039,2015,2035
?????,13960418,20170709,112,497700,1008111304,2035,2037,2014,2040,2039,2037
?????,13960417,20170708,192,1961429,3979877024,2037,2039,2017,2050,2050,2049
?????,13960414,20170705,73,478735,972597493,2049,2025,2025,2040,2040,2052
?????,13960413,20170704,91,697318,1421629390,2052,2031,2030,2049,2048,2056
?????,13960412,20170703,62,367542,747805059,2056,2032,2016,2050,2016,2059
?????,13960411,20170702,167,1314733,2684797495,2059,2037,2020,2076,2075,2070
?????,13960410,20170701,248,2194850,4548381049,2070,2069,2055,2088,2065,2064
?????,13960407,20170628,159,1286846,2655306618,2064,2059,2052,2070,2070,2065
?????,13960404,20170625,253,3767740,7779672070,2065,2060,2039,2070,2040,2053
?????,13960403,20170624,159,1644659,3382934946,2053,2070,2030,2073,2072,2048
?????,13960331,20170621,191,1602285,3281992220,2048,2052,2011,2070,2011,2048
?????,13960330,20170620,180,1692223,3501330624,2048,2050,2035,2090,2062,2024
?????,13960329,20170619,266,4321369,8747276308,2024,2023,1978,2070,2015,2011
?????,13960328,20170618,419,5058082,10169587948,2011,2028,1986,2045,2032,2066
?????,13960327,20170617,228,2806942,5787190426,2066,2040,2010,2099,2099,2096
?????,13960324,20170614,299,3068044,6430905013,2096,2099,2080,2100,2100,2174
?????,13960322,20170612,0,0,0,2174,3460,0,0,0,2174
?????,13960321,20170611,0,0,0,2174,3460,0,0,0,2174
?????,13960320,20170610,0,0,0,2174,3460,0,0,0,2174
?????,13960317,20170607,0,0,0,2174,3460,0,0,0,2174
?????,13960316,20170606,0,0,0,2879,3460,0,0,0,2879
?????,13960313,20170603,0,0,0,2879,3460,0,0,0,2879
?????,13960310,20170531,0,0,0,3479,3460,0,0,0,3479
?????,13960309,20170530,0,0,0,3479,3460,0,0,0,3479
?????,13960308,20170529,871,8109368,28210859653,3479,3460,3455,3510,3490,3486
?????,13960307,20170528,357,4871215,16981671209,3486,3487,3470,3494,3490,3486
?????,13960306,20170527,260,2087485,7277351315,3486,3489,3470,3499,3480,3485
?????,13960303,20170524,243,1590511,5548073394,3485,3489,3468,3499,3480,3475
?????,13960302,20170523,417,9273779,32225569223,3475,3450,3450,3510,3465,3492
?????,13960301,20170522,321,2949314,10300063205,3492,3450,3450,3517,3500,3494
?????,13960231,20170521,337,2686929,9387856937,3494,3500,3470,3530,3500,3494
?????,13960230,20170520,357,3090502,10797544583,3494,3510,3460,3531,3470,3417
?????,13960227,20170517,151,2037453,6962903551,3417,3420,3400,3440,3440,3432
?????,13960226,20170516,103,1110738,3785387957,3432,3400,3397,3462,3462,3462
?????,13960225,20170515,292,6945978,24045285849,3462,3400,3389,3487,3390,3392
?????,13960224,20170514,133,726677,2468321280,3392,3400,3387,3429,3390,3390
?????,13960223,20170513,126,846716,2889164046,3390,3399,3399,3435,3406,3374
?????,13960220,20170510,130,843799,2871860742,3374,3400,3345,3420,3397,3352
?????,13960219,20170509,241,2534592,8495414636,3352,3395,3322,3398,3371,3387
?????,13960218,20170508,177,1626607,5495519273,3387,3370,3368,3400,3380,3421
?????,13960217,20170507,234,976399,3310105087,3421,3390,3370,3420,3420,3450
?????,13960216,20170506,158,1099740,3778213377,3450,3415,3415,3464,3464,3468
?????,13960213,20170503,205,1198648,4146498066,3468,3448,3448,3489,3480,3480
?????,13960212,20170502,178,2656381,9244235203,3480,3492,3470,3495,3471,3485
?????,13960211,20170501,100,704881,2453453941,3485,3500,3452,3500,3461,3488
?????,13960210,20170430,152,782330,2719863291,3488,3487,3467,3499,3499,3496
?????,13960209,20170429,165,1180396,4118484583,3496,3490,3475,3539,3539,3506
?????,13960206,20170426,213,1844493,6467143816,3506,3502,3491,3540,3500,3503
?????,13960204,20170424,182,1646279,5767347056,3503,3500,3456,3528,3500,3500
?????,13960203,20170423,238,2414500,8451328815,3500,3477,3475,3520,3510,3506
?????,13960202,20170422,655,9315765,32665720822,3506,3500,3472,3560,3472,3473
?????,13960130,20170419,138,754876,2613592710,3473,3471,3438,3484,3465,3480
?????,13960129,20170418,117,786452,2721240510,3480,3479,3448,3500,3500,3492
?????,13960128,20170417,143,1068172,3720363660,3492,3485,3450,3510,3450,3503
?????,13960127,20170416,141,720299,2507026149,3503,3475,3460,3520,3500,3516
?????,13960126,20170415,306,2630995,9250322352,3516,3492,3492,3540,3500,3452
?????,13960123,20170412,243,1485413,5153496363,3452,3482,3402,3500,3410,3402
?????,13960121,20170410,319,3238614,11017325612,3402,3390,3384,3439,3399,3396
?????,13960120,20170409,201,1757393,5967948260,3396,3399,3380,3410,3400,3394
?????,13960119,20170408,206,1210148,4111411096,3394,3390,3350,3417,3400,3388
?????,13960116,20170405,264,2048838,6941924918,3388,3388,3379,3400,3390,3401
?????,13960115,20170404,201,1593184,5415558110,3401,3399,3386,3410,3410,3406
?????,13960114,20170403,175,1547463,5265265576,3406,3400,3381,3430,3381,3417
?????,13960109,20170329,225,1926219,6581740700,3417,3420,3300,3459,3300,3409
?????,13960108,20170328,233,1930827,6585441579,3409,3396,3380,3475,3398,3375
?????,13960107,20170327,171,591622,2004676994,3375,3395,3351,3419,3351,3370
?????,13960106,20170326,385,4131642,13923298658,3370,3400,3316,3401,3352,3340
?????,13960105,20170325,377,7824226,26136320727,3340,3341,3241,3341,3241,3182
?????,13951228,20170318,0,0,0,3182,3188,0,0,0,3182
?????,13951225,20170315,0,0,0,3182,3188,0,0,0,3182
?????,13951224,20170314,0,0,0,3182,3188,0,0,0,3182
?????,13951223,20170313,441,4550385,14480584399,3182,3188,3120,3240,3160,3182
?????,13951222,20170312,443,2709178,8619929915,3182,3180,3080,3219,3100,3087
?????,13951221,20170311,306,2812803,8683362247,3087,3100,3040,3152,3152,3164
?????,13951218,20170308,242,1316074,4152752823,3164,3158,3148,3180,3180,3181
?????,13951217,20170307,246,1357986,4311487917,3181,3160,3144,3298,3183,3194
?????,13951216,20170306,614,6470083,20667202520,3194,3184,3183,3280,3280,3350
?????,13951215,20170305,233,1126000,3760895769,3350,3328,3285,3389,3359,3362
?????,13951214,20170304,222,1409142,4708958798,3362,3330,3308,3408,3408,3408
?????,13951211,20170301,314,1699705,5771959737,3408,3340,3330,3460,3460,3475
?????,13951210,20170228,556,6811676,23668416402,3475,3480,3445,3558,3481,3391
?????,13951209,20170227,337,2913469,9879461542,3391,3361,3350,3410,3387,3360
?????,13951208,20170226,412,5378690,18071030795,3360,3350,3301,3430,3374,3346
?????,13951207,20170225,596,5462847,18279260356,3346,3340,3250,3410,3388,3267
?????,13951204,20170222,670,6478792,21166969109,3267,3340,3210,3354,3297,3278
?????,13951203,20170221,374,3930662,12882972524,3278,3271,3251,3312,3310,3200
?????,13951201,20170219,0,0,0,3200,3190,0,0,0,3200
?????,13951130,20170218,360,2782627,8904312183,3200,3190,3120,3249,3187,3175
?????,13951127,20170215,403,2645667,8400550129,3175,3180,3150,3210,3200,3200
?????,13951126,20170214,1191,14956251,47862806518,3200,3189,3074,3211,3096,3059
?????,13951125,20170213,378,2578094,7886846093,3059,3070,3037,3093,3073,3073
?????,13951124,20170212,501,4226603,12988201222,3073,3089,3037,3100,3060,3029
?????,13951123,20170211,731,7055561,21374336807,3029,3046,2949,3055,2949,2926
?????,13951120,20170208,641,6973211,20401946644,2926,2947,2860,2948,2860,2859
?????,13951119,20170207,327,3253654,9302955393,2859,2855,2776,2941,2782,2801
?????,13951118,20170206,158,934576,2621493086,2801,2790,2782,2820,2810,2798
?????,13951117,20170205,184,1541077,4312376102,2798,2808,2782,2820,2805,2797
?????,13951116,20170204,244,2168102,6063681279,2797,2784,2770,2820,2820,2784
?????,13951113,20170201,180,1455202,4045593885,2784,2777,2760,2815,2815,2793
?????,13951112,20170131,235,2197791,6138104221,2793,2788,2780,2825,2810,2801
?????,13951111,20170130,250,2633857,7378419009,2801,2800,2780,2835,2794,2790
?????,13951110,20170129,195,1342689,3751191503,2790,2800,2776,2803,2799,2783
?????,13951109,20170128,216,2012611,5600336223,2783,2798,2765,2840,2840,2782
?????,13951106,20170125,358,6091245,16948802238,2782,2820,2766,2830,2820,2790
?????,13951105,20170124,263,2070143,5775862384,2790,2770,2760,2830,2780,2779
?????,13951104,20170123,288,1816914,5043402851,2779,2755,2752,2819,2815,2812
?????,13951103,20170122,315,1838885,5165807240,2812,2780,2761,2869,2830,2845
?????,13951102,20170121,180,1436929,4068941714,2845,2839,2812,2872,2826,2879
?????,13951029,20170118,147,785926,2244577842,2879,2850,2845,2899,2895,2894
?????,13951028,20170117,408,6345141,18363578536,2894,2890,2810,2920,2900,2890
?????,13951027,20170116,442,3454298,9982279965,2890,2900,2841,2921,2875,2898
?????,13951026,20170115,648,8078036,23408281948,2898,2836,2836,2916,2915,2778
?????,13951025,20170114,168,1721486,4813142936,2778,2807,2750,2807,2750,2674
?????,13951022,20170111,392,1927834,5154353521,2674,2663,2656,2700,2700,2687
?????,13951020,20170109,568,2890061,7765471470,2687,2669,2660,2750,2730,2756
?????,13951019,20170108,554,4360228,12016305464,2756,2740,2720,2825,2801,2844
?????,13951018,20170107,317,1434183,4057490352,2844,2810,2803,2875,2850,2879
?????,13951015,20170104,197,1272081,3654889857,2879,2850,2850,2900,2900,2890
?????,13951014,20170103,605,4857040,14038961094,2890,2891,2840,2961,2861,2853
?????,13951013,20170102,876,6225824,17764312066,2853,2829,2818,2933,2875,2964
?????,13951012,20170101,485,10727314,31797558696,2964,2964,2964,3000,2964,3119
?????,13951011,20161231,1191,8511503,26547124575,3119,3055,3055,3193,3136,3136
?????,13951008,20161228,1151,41006025,1.29E+11,3136,3136,3106,3136,3136,2987
?????,13951007,20161227,1013,29503569,88124505211,2987,2992,2859,2992,2859,2850
?????,13951006,20161226,277,1713440,4896388756,2850,2851,2831,2878,2832,2805
?????,13951005,20161225,114,525453,1476349875,2805,2829,2775,2834,2792,2803
?????,13951004,20161224,122,870202,2432114751,2803,2789,2780,2843,2782,2809
?????,13951001,20161221,158,823901,2327721994,2809,2830,2800,2844,2800,2798
?????,13950930,20161220,106,365754,1013839466,2798,2800,2751,2800,2800,2804
?????,13950929,20161219,133,652816,1839509721,2804,2805,2800,2839,2800,2797
?????,13950928,20161218,90,535693,1502089958,2797,2820,2780,2830,2830,2795
?????,13950924,20161214,201,1620153,4512392430,2795,2809,2712,2825,2815,2835
?????,13950923,20161213,106,502349,1422068238,2835,2813,2813,2850,2850,2836
?????,13950922,20161212,223,1716280,4869865008,2836,2830,2802,2875,2850,2829
?????,13950921,20161211,439,4241798,11998604857,2829,2850,2796,2868,2799,2787
?????,13950920,20161210,179,1453963,4051897999,2787,2770,2764,2816,2800,2788
?????,13950917,20161207,171,1050879,2930354963,2788,2789,2761,2800,2761,2788
?????,13950916,20161206,191,1002166,2794106543,2788,2760,2760,2798,2792,2788
?????,13950915,20161205,144,665701,1843329183,2788,2790,2728,2800,2779,2797
?????,13950914,20161204,163,996235,2756521051,2797,2780,2733,2800,2782,2827
?????,13950913,20161203,321,2564137,7247920980,2827,2780,2760,2898,2852,2776
?????,13950909,20161129,408,3532747,9807561891,2776,2800,2691,2819,2710,2701
?????,13950907,20161127,156,970379,2605599404,2701,2676,2675,2713,2699,2715
?????,13950906,20161126,138,583339,1570418998,2715,2689,2685,2720,2688,2725
?????,13950903,20161123,191,1219074,3289753538,2725,2690,2688,2730,2730,2766
?????,13950902,20161122,145,884473,2421262714,2766,2730,2720,2790,2790,2788
?????,13950901,20161121,63,239494,660113643,2788,2760,2743,2800,2800,2792
?????,13950829,20161119,107,476589,1309329811,2792,2740,2722,2780,2780,2806
?????,13950826,20161116,93,376670,1046340631,2806,2762,2756,2800,2799,2812
?????,13950825,20161115,281,2174587,6115263174,2812,2791,2751,2833,2799,2804
?????,13950824,20161114,205,2762227,7746530027,2804,2775,2750,2830,2801,2780
?????,13950823,20161113,181,1524254,4253443165,2780,2779,2760,2811,2760,2749
?????,13950822,20161112,275,3298899,9069225406,2749,2770,2700,2780,2760,2717
?????,13950819,20161109,276,3015105,8191567391,2717,2740,2650,2776,2750,2767
?????,13950818,20161108,168,1406788,3884778004,2767,2780,2732,2799,2732,2781
?????,13950817,20161107,243,1932117,5370197746,2781,2780,2731,2815,2815,2828
?????,13950816,20161106,206,1105487,3084560779,2828,2791,2760,2802,2763,2874
?????,13950815,20161105,220,1428909,4110346553,2874,2780,2773,2935,2930,2867
?????,13950812,20161102,222,2058976,5902433053,2867,2900,2800,2900,2810,2805
?????,13950811,20161101,269,5369309,15062534587,2805,2790,2790,2850,2850,2871
?????,13950810,20161031,214,1457796,4162528513,2871,2828,2810,2910,2880,2912
?????,13950809,20161030,506,4722971,13754930343,2912,2890,2800,3000,2925,2892
?????,13950808,20161029,809,10093013,29186475462,2892,2920,2701,2922,2701,2783
?????,13950805,20161026,509,5866667,16324592838,2783,2787,2700,2841,2780,2709
?????,13950804,20161025,478,12355151,33473547516,2709,2734,2630,2734,2630,2604
?????,13950803,20161024,93,537064,1400515369,2604,2605,2596,2649,2598,2602
?????,13950802,20161023,144,513135,1329480482,2602,2580,2570,2610,2610,2606
?????,13950801,20161022,206,2531238,6595805533,2606,2600,2598,2668,2610,2677
?????,13950728,20161019,82,320640,852700480,2677,2660,2642,2675,2659,2680
?????,13950727,20161018,78,212812,567480970,2680,2640,2640,2700,2690,2682
?????,13950726,20161017,50,126707,338467686,2682,2665,2650,2690,2686,2683
?????,13950725,20161016,78,314228,845466165,2683,2675,2675,2700,2700,2682
?????,13950724,20161015,72,194964,525906452,2682,2700,2671,2710,2671,2680
?????,13950721,20161012,0,0,0,2680,2680,0,0,0,2680
?????,13950719,20161010,66,243618,653839474,2680,2680,2670,2690,2690,2680
?????,13950718,20161009,61,167646,450277679,2680,2688,2675,2700,2700,2679
?????,13950717,20161008,45,157780,423810535,2679,2680,2651,2738,2738,2678
?????,13950714,20161005,93,225692,607104600,2678,2663,2661,2748,2748,2677
?????,13950713,20161004,120,607944,1648611368,2677,2730,2680,2730,2688,2662
?????,13950712,20161003,117,302167,817033844,2662,2679,2674,2730,2694,2655
?????,13950711,20161002,217,1398175,3753596299,2655,2692,2641,2710,2649,2588
?????,13950710,20161001,83,270320,712654262,2588,2647,2626,2650,2650,2581
?????,13950707,20160928,78,211893,557429074,2581,2635,2601,2649,2636,2575
?????,13950706,20160927,109,517543,1360286312,2575,2634,2615,2647,2630,2557
?????,13950705,20160926,91,666632,1738070953,2557,2600,2561,2620,2562,2532
?????,13950704,20160925,67,125963,324713905,2532,2566,2564,2599,2590,2529
?????,13950703,20160924,91,321114,824829978,2529,2560,2550,2598,2597,2521
?????,13950631,20160921,117,292253,749830724,2521,2561,2528,2580,2550,2513
?????,13950629,20160919,219,1294123,3238215281,2513,2512,2487,2540,2497,2532
?????,13950628,20160918,179,1014556,2534014179,2532,2486,2480,2518,2510,2567
?????,13950627,20160917,174,961136,2428658173,2567,2503,2503,2599,2599,2604
?????,13950624,20160914,197,636030,1612960577,2604,2530,2510,2618,2558,2635
?????,13950623,20160913,147,556298,1438893332,2635,2553,2550,2638,2630,2654
?????,13950620,20160910,53,229894,608306578,2655,2669,2600,2679,2626,2656
?????,13950617,20160907,60,220392,579795180,2656,2603,2596,2669,2669,2659
?????,13950616,20160906,27,28046,73729629,2659,2620,2615,2650,2650,2659
?????,13950615,20160905,70,166097,430782572,2659,2610,2580,2650,2600,2665
?????,13950614,20160904,75,312352,812305862,2665,2595,2594,2630,2630,2677
?????,13950613,20160903,101,341977,895718066,2677,2603,2600,2675,2635,2689
?????,13950610,20160831,85,443076,1176889241,2689,2650,2640,2689,2679,2698
?????,13950609,20160830,56,213134,569574330,2698,2679,2653,2690,2687,2701
?????,13950608,20160829,34,95950,257629555,2701,2675,2652,2694,2652,2702
?????,13950607,20160828,84,363671,978180985,2702,2680,2680,2714,2700,2705
?????,13950606,20160827,57,169033,455071294,2705,2690,2670,2726,2670,2706
?????,13950603,20160824,130,775949,2081974330,2706,2670,2651,2733,2730,2720
?????,13950602,20160823,83,516848,1413950636,2720,2711,2704,2748,2704,2714
?????,13950601,20160822,76,288262,785083422,2714,2737,2700,2740,2700,2712
?????,13950531,20160821,70,314586,845190368,2712,2700,2670,2700,2696,2717
?????,13950530,20160820,81,299999,811605750,2717,2700,2700,2719,2718,2719
?????,13950527,20160817,45,99232,268729416,2719,2700,2692,2719,2692,2720
?????,13950526,20160816,59,281016,759539828,2720,2692,2691,2723,2691,2723
?????,13950525,20160815,151,805721,2198375531,2723,2703,2700,2747,2728,2719
?????,13950524,20160814,150,818586,2243610992,2719,2748,2720,2750,2726,2704
?????,13950523,20160813,94,592106,1614817233,2704,2728,2716,2734,2728,2694
?????,13950520,20160810,89,381769,1035896692,2694,2713,2700,2739,2739,2689
?????,13950519,20160809,115,468044,1267588796,2689,2690,2688,2748,2705,2683
?????,13950518,20160808,116,500657,1350194978,2683,2705,2680,2709,2700,2679
?????,13950517,20160807,150,1002972,2717417038,2679,2709,2671,2750,2680,2648
?????,13950516,20160806,121,630506,1677394109,2648,2669,2632,2685,2633,2643
?????,13950513,20160803,119,595134,1578564733,2643,2655,2631,2670,2631,2636
?????,13950512,20160802,122,825620,2173005894,2636,2631,2620,2643,2623,2639
?????,13950511,20160801,76,267707,702312533,2639,2639,2616,2668,2668,2641
?????,13950510,20160731,162,573491,1505916536,2641,2620,2610,2657,2641,2647
?????,13950506,20160727,269,1410367,3722449298,2647,2630,2611,2670,2670,2666
?????,13950505,20160726,74,454401,1204399453,2666,2647,2633,2680,2633,2670
?????,13950504,20160725,129,861906,2292822697,2670,2659,2630,2699,2699,2677
?????,13950503,20160724,160,883312,2360224062,2677,2650,2650,2709,2708,2681
?????,13950502,20160723,115,647337,1745506654,2681,2701,2670,2710,2681,2673
?????,13950430,20160720,86,550541,1482739850,2673,2695,2660,2710,2700,2666
?????,13950429,20160719,84,404968,1088602833,2666,2681,2670,2700,2670,2661
?????,13950428,20160718,101,453664,1215262735,2661,2670,2667,2700,2692,2656
?????,13950427,20160717,152,679454,1811790953,2656,2688,2620,2735,2621,2651
?????,13950426,20160716,116,482023,1261491724,2651,2615,2607,2650,2630,2662
?????,13950423,20160713,107,294494,773084381,2662,2616,2616,2642,2640,2668
?????,13950422,20160712,75,209988,552321996,2668,2640,2618,2666,2621,2672
?????,13950421,20160711,73,229866,608822053,2672,2626,2626,2678,2675,2675
?????,13950420,20160710,49,153275,408123580,2675,2670,2651,2682,2680,2676
?????,13950419,20160709,62,295710,787865879,2676,2669,2650,2698,2698,2678
?????,13950415,20160705,56,397849,1066789625,2678,2677,2670,2689,2689,2677
?????,13950414,20160704,83,271746,722327186,2677,2670,2634,2698,2698,2680
?????,13950413,20160703,105,433150,1152439262,2680,2642,2640,2682,2650,2685
?????,13950412,20160702,94,352686,936200163,2685,2650,2630,2700,2700,2692
?????,13950409,20160629,86,261344,697276005,2692,2690,2651,2699,2690,2696
?????,13950408,20160628,159,864117,2329194198,2696,2698,2681,2705,2685,2696
?????,13950406,20160626,139,497811,1339428259,2696,2680,2680,2728,2700,2698
?????,13950405,20160625,169,834145,2244094389,2698,2676,2620,2730,2703,2703
?????,13950402,20160622,215,736566,2005538804,2703,2743,2690,2745,2725,2691
?????,13950401,20160621,126,449526,1206611395,2691,2700,2640,2700,2650,2693
?????,13950331,20160620,136,492527,1301357973,2693,2620,2618,2690,2690,2710
?????,13950330,20160619,204,927404,2483824865,2710,2669,2635,2740,2691,2737
?????,13950329,20160618,201,945473,2567518572,2737,2690,2690,2790,2790,2755
?????,13950326,20160615,277,862387,2342894738,2755,2724,2685,2760,2760,2784
?????,13950325,20160614,291,2202177,6129913339,2784,2762,2762,2850,2823,2907
?????,13950324,20160613,318,2228343,6478450501,2907,2850,2850,2999,2999,3052
?????,13950323,20160612,0,0,0,3052,4040,0,0,0,3052
?????,13950322,20160611,0,0,0,3052,4040,0,0,0,3052
?????,13950319,20160608,0,0,0,3052,4040,0,0,0,3052
?????,13950318,20160607,0,0,0,3052,4040,0,0,0,3052
?????,13950317,20160606,0,0,0,3052,4040,0,0,0,3052
?????,13950316,20160605,0,0,0,3052,4040,0,0,0,3052
?????,13950312,20160601,0,0,0,3052,4040,0,0,0,3052
?????,13950311,20160531,0,0,0,3052,4040,0,0,0,3052
?????,13950310,20160530,0,0,0,3052,4040,0,0,0,3052
?????,13950309,20160529,0,0,0,3052,4040,0,0,0,3052
?????,13950308,20160528,0,0,0,4017,4040,0,0,0,4017
?????,13950305,20160525,0,0,0,4017,4040,0,0,0,4017
?????,13950304,20160524,0,0,0,4017,4040,0,0,0,4017
?????,13950303,20160523,511,2672298,10734536088,4017,4040,3980,4070,4011,3991
?????,13950301,20160521,239,2008783,8017826710,3991,4000,3974,4075,3990,3967
?????,13950229,20160518,219,1381843,5464971232,3967,3971,3940,4000,4000,3993
?????,13950228,20160517,175,1078993,4299942369,3993,3950,3950,4000,4000,4002
?????,13950227,20160516,218,859276,3429965409,4002,3961,3950,4110,4010,4010
?????,13950226,20160515,350,3874614,15537735303,4010,3990,3893,4112,3950,3917
?????,13950225,20160514,236,2966882,11622034997,3917,3955,3892,3960,3901,4013
?????,13950222,20160511,184,7433360,29827342088,4013,3935,3890,4036,3903,3919
?????,13950221,20160510,175,1347101,5274946052,3919,3900,3890,3959,3959,3925
?????,13950220,20160509,155,879190,3467218108,3925,3940,3920,3950,3945,3910
?????,13950219,20160508,203,739880,2899872477,3910,3930,3886,3940,3900,3904
?????,13950218,20160507,123,473046,1845987419,3904,3886,3880,3930,3900,3905
?????,13950215,20160504,105,415145,1617508853,3905,3905,3875,3937,3937,3907
?????,13950214,20160503,90,419427,1633467377,3907,3900,3866,3948,3901,3910
?????,13950213,20160502,129,512834,1995645464,3910,3890,3820,3910,3910,3917
?????,13950212,20160501,202,1385467,5421478135,3917,3902,3900,3958,3951,3927
?????,13950211,20160430,194,1260054,4959707505,3927,3949,3906,3950,3940,3911
?????,13950208,20160427,235,1721570,6730377016,3911,3940,3850,3950,3920,3918
?????,13950207,20160426,138,617576,2417427682,3918,3900,3900,3946,3946,3919
?????,13950206,20160425,195,1372087,5383293713,3919,3940,3860,3979,3923,3910
?????,13950205,20160424,402,3273845,12802249534,3910,3920,3890,3950,3910,3826
?????,13950204,20160423,113,3996796,15291080330,3826,3848,3820,3887,3887,3814
?????,13950201,20160420,207,1621723,6171639621,3814,3829,3799,3884,3883,3846
?????,13950131,20160419,155,459812,1752757857,3846,3839,3800,3909,3882,3856
?????,13950130,20160418,197,791284,3039398170,3856,3850,3801,3850,3850,3865
?????,13950129,20160417,181,1332440,5119779683,3865,3800,3800,3949,3801,3909
?????,13950128,20160416,176,705554,2712149146,3909,3829,3800,3920,3912,3944
?????,13950125,20160413,156,682039,2672173485,3944,3920,3882,3979,3910,3958
?????,13950124,20160412,216,1532646,6051367427,3958,3970,3900,4025,3955,3990
?????,13950123,20160411,169,923654,3683622090,3990,3956,3955,4000,4000,3991
?????,13950122,20160410,401,2106305,8405741967,3991,3970,3940,4005,3980,3943
?????,13950121,20160409,405,2380891,9386995731,3943,3960,3900,3991,3920,3917
?????,13950118,20160406,142,657523,2594724363,3917,3928,3902,3995,3949,3903
?????,13950117,20160405,212,742737,2914591927,3903,3910,3901,3940,3921,3891
?????,13950116,20160404,249,1067348,4161215293,3891,3934,3818,3937,3818,3882
?????,13950115,20160403,235,712009,2743302277,3882,3815,3811,3920,3920,3898
?????,13950114,20160402,378,2082610,8117329914,3898,3890,3851,3948,3948,3906
?????,13950111,20160330,444,2237299,8738247024,3906,3880,3840,4000,4000,3679
?????,13950110,20160329,0,0,0,3679,4738,0,0,0,3679
?????,13950109,20160328,0,0,0,3679,4738,0,0,0,3679
?????,13950108,20160327,0,0,0,3679,4738,0,0,0,3679
?????,13950107,20160326,0,0,0,3679,4738,0,0,0,3679
?????,13941226,20160316,0,0,0,4751,4738,0,0,0,4751
?????,13941225,20160315,0,0,0,4751,4738,0,0,0,4751
?????,13941224,20160314,0,0,0,4751,4738,0,0,0,4751
?????,13941222,20160312,0,0,0,4751,4738,0,0,0,4751
?????,13941219,20160309,525,1961690,9320644914,4751,4738,4692,4800,4799,4772
?????,13941218,20160308,229,861245,4109831169,4772,4780,4730,4830,4830,4771
?????,13941217,20160307,417,1458376,6957984013,4771,4789,4700,4870,4850,4861
?????,13941216,20160306,309,938510,4536687679,4861,4848,4820,4893,4887,4912
?????,13941215,20160305,268,902398,4416834627,4912,4861,4853,4993,4993,4941
?????,13941212,20160302,152,672771,3295640164,4941,4876,4873,5000,5000,4979
?????,13941211,20160301,121,326912,1615671522,4979,4934,4920,4982,4981,4990
?????,13941210,20160229,128,376521,1854657513,4990,4983,4913,5014,4956,5013
?????,13941209,20160228,164,489962,2435726746,5013,4987,4902,5020,5020,5035
?????,13941208,20160227,230,718824,3641271008,5035,5029,5001,5129,5090,5004
?????,13941205,20160224,530,3413946,17082387797,5004,5000,4800,5100,4815,4858
?????,13941204,20160223,555,2050216,9960760128,4858,4867,4810,5000,5000,5062
?????,13941203,20160222,430,2688726,13609145253,5062,5000,4990,5150,5140,5160
?????,13941202,20160221,0,0,0,5160,5153,0,0,0,5160
?????,13941201,20160220,0,0,0,5160,5153,0,0,0,5160
?????,13941128,20160217,416,1669786,8615364280,5160,5153,5137,5196,5187,5202
?????,13941127,20160216,268,966347,5019253940,5202,5185,5150,5297,5250,5219
?????,13941126,20160215,343,2340602,12214554947,5219,5211,5189,5299,5201,5200
?????,13941125,20160214,618,12281904,63871725440,5200,5200,5187,5255,5204,5245
?????,13941124,20160213,334,1600749,8396352897,5245,5250,5200,5300,5253,5289
?????,13941121,20160210,406,2656240,14048884053,5289,5252,5170,5343,5298,5348
?????,13941120,20160209,954,8999444,48128731728,5348,5172,5170,5412,5199,5155
?????,13941119,20160208,899,4114391,21210356055,5155,5130,5110,5229,5217,5207
?????,13941118,20160207,462,1722292,8967215505,5207,5180,5180,5260,5250,5263
?????,13941117,20160206,283,1902033,10010134739,5263,5250,5200,5300,5290,5228
?????,13941114,20160203,314,1492266,7801658834,5228,5210,5190,5300,5300,5340
?????,13941113,20160202,467,2555756,13648256256,5340,5210,5210,5418,5350,5308
?????,13941112,20160201,441,2600077,13801192180,5308,5310,5200,5397,5200,5252
?????,13941111,20160131,205,622046,3233693129,5252,5215,5130,5290,5290,5292
?????,13941110,20160130,286,1321094,6992227857,5292,5230,5230,5371,5291,5282
?????,13941107,20160127,459,2411466,12738373838,5282,5279,5182,5490,5490,5301
?????,13941106,20160126,998,12141128,64356227460,5301,5316,5200,5316,5290,5063
?????,13941105,20160125,617,3953285,20014874443,5063,5179,4900,5179,4948,4933
?????,13941104,20160124,544,2333758,11512940941,4933,4856,4850,5042,4878,4920
?????,13941103,20160123,377,1099138,5390984639,4920,4889,4850,5000,4920,4970
?????,13941030,20160120,280,1159964,5738649306,4970,4920,4901,5010,5000,5065
?????,13941029,20160119,332,1588123,8043330500,5065,5018,4986,5120,5110,4997
?????,13941028,20160118,244,1032810,5099394192,4997,5096,4890,5096,4940,5147
?????,13941027,20160117,733,9201176,47358670255,5147,4990,4950,5319,5170,5066
?????,13941026,20160116,751,3913756,19828049729,5066,5056,4989,5113,5113,4870
?????,13941023,20160113,519,3077404,14986679859,4870,4900,4711,4950,4755,4780
?????,13941022,20160112,665,6276567,30002188217,4780,4700,4670,4874,4874,4820
?????,13941021,20160111,0,0,0,4820,4824,0,0,0,4820
?????,13941020,20160110,0,0,0,4820,4824,0,0,0,4820
?????,13941019,20160109,0,0,0,4820,4824,0,0,0,4820
?????,13941016,20160106,0,0,0,4820,4824,0,0,0,4820
?????,13941015,20160105,0,0,0,4820,4824,0,0,0,4820
?????,13941014,20160104,0,0,0,4820,4824,0,0,0,4820
?????,13941013,20160103,0,0,0,4820,4824,0,0,0,4820
?????,13941012,20160102,0,0,0,4820,4824,0,0,0,4820
?????,13941009,20151230,0,0,0,4820,4824,0,0,0,4820
?????,13941007,20151228,0,0,0,4820,4824,0,0,0,4820
?????,13941006,20151227,173,797227,3866467831,4820,4824,4790,4885,4790,4782
?????,13941005,20151226,59,254914,1210119765,4782,4736,4711,4774,4711,4789
?????,13941002,20151223,117,1431348,6853940276,4789,4790,4691,4870,4859,4841
?????,13941001,20151222,70,421394,2006400385,4841,4830,4683,4830,4752,4874
?????,13940930,20151221,69,198375,954973441,4874,4760,4751,4885,4885,4884
?????,13940929,20151220,192,857703,4118484932,4884,4848,4756,4885,4881,5006
?????,13940928,20151219,92,562458,2767102059,5006,4915,4891,5070,4980,5062
?????,13940925,20151216,126,4669720,23638170416,5062,4980,4960,5085,5009,5035
?????,13940924,20151215,86,708983,3570106287,5035,5055,5007,5080,5068,5034
?????,13940923,20151214,85,379850,1905889712,5034,4991,4980,5040,5005,5040
?????,13940922,20151213,122,511361,2569404358,5040,5068,4960,5075,5075,5048
?????,13940918,20151209,181,913954,4627773768,5048,5076,5041,5087,5050,5020
?????,13940917,20151208,67,506868,2545784291,5020,5035,4970,5051,5000,5019
?????,13940916,20151207,115,399834,2011998339,5019,5038,4963,5072,4998,5014
?????,13940915,20151206,164,562697,2812255069,5014,4964,4960,5034,5017,5025
?????,13940914,20151205,165,647694,3234296597,5025,4900,4900,5109,5065,5051
?????,13940910,20151201,230,1272182,6432894097,5051,5060,5014,5089,5089,5011
?????,13940909,20151130,894,18141061,90907011759,5011,5014,4807,5014,4808,4776
?????,13940908,20151129,96,498410,2374122083,4776,4800,4654,4800,4782,4782
?????,13940907,20151128,74,98127,458706381,4782,4670,4659,4730,4687,4790
?????,13940904,20151125,48,127269,605032428,4790,4770,4730,4800,4800,4794
?????,13940903,20151124,69,11362197,54465231756,4794,4751,4700,4796,4721,4702
?????,13940902,20151123,57,215077,1010654308,4702,4700,4675,4777,4777,4702
?????,13940901,20151122,33,109735,518789089,4702,4730,4700,4748,4700,4700
?????,13940830,20151121,37,100078,471178277,4700,4702,4663,4750,4729,4699
?????,13940827,20151118,51,190950,896655319,4699,4720,4650,4750,4745,4699
?????,13940826,20151117,54,223171,1052110879,4699,4744,4690,4779,4779,4696
?????,13940825,20151116,114,753743,3551468491,4696,4678,4678,4779,4701,4678
?????,13940824,20151115,80,316423,1503351280,4678,4707,4660,4799,4744,4657
?????,13940823,20151114,121,596043,2797148420,4657,4746,4610,4749,4632,4632
?????,13940820,20151111,58,160419,743648356,4632,4637,4603,4655,4603,4632
?????,13940819,20151110,92,895462,4146127643,4632,4645,4560,4648,4591,4635
?????,13940818,20151109,105,444670,2036877101,4635,4590,4555,4617,4615,4660
?????,13940817,20151108,41,53975,248102750,4660,4569,4534,4628,4535,4662
?????,13940816,20151107,264,6343106,29573439870,4662,4639,4501,4733,4680,4679
?????,13940813,20151104,85,283015,1316689437,4679,4650,4627,4720,4719,4686
?????,13940812,20151103,41,180813,844242713,4686,4684,4600,4698,4698,4688
?????,13940811,20151102,85,5798019,27181534167,4688,4680,4550,4693,4567,4594
?????,13940810,20151101,210,828850,3772903537,4594,4540,4521,4688,4637,4650
?????,13940809,20151031,102,2473865,11503868096,4650,4628,4620,4739,4710,4686
?????,13940806,20151028,66,157844,736138939,4686,4650,4610,4772,4771,4689
?????,13940805,20151027,74,324365,1528710880,4689,4690,4671,4776,4750,4682
?????,13940804,20151026,126,511404,2399238398,4682,4677,4666,4795,4749,4677
?????,13940803,20151025,241,827167,3905221007,4677,4730,4650,4840,4750,4617
?????,13940729,20151021,193,716777,3369665959,4617,4622,4535,4759,4648,4533
?????,13940728,20151020,38,187273,863182833,4533,4620,4510,4650,4598,4522
?????,13940727,20151019,76,251198,1145653133,4522,4563,4500,4650,4640,4514
?????,13940726,20151018,133,373918,1725544631,4514,4609,4500,4687,4678,4478
?????,13940725,20151017,176,777367,3528808872,4478,4625,4262,4626,4460,4406
?????,13940722,20151014,97,454438,2016719611,4406,4432,4402,4450,4421,4392
?????,13940721,20151013,40,177337,782179709,4392,4400,4375,4440,4440,4389
?????,13940720,20151012,32,193288,849998880,4389,4400,4354,4425,4400,4388
?????,13940719,20151011,53,130276,573415521,4388,4390,4350,4440,4440,4387
?????,13940718,20151010,86,255805,1122759894,4387,4390,4333,4490,4490,4386
?????,13940715,20151007,61,174872,772909719,4386,4400,4370,4449,4449,4381
?????,13940714,20151006,83,404478,1783378152,4381,4420,4325,4450,4399,4370
?????,13940713,20151005,60,174957,764729416,4370,4313,4313,4399,4380,4370
?????,13940712,20151004,59,132881,576145632,4370,4310,4273,4395,4395,4374
?????,13940711,20151003,69,162004,704148945,4374,4349,4299,4450,4404,4377
?????,13940708,20150930,80,363702,1594905826,4377,4369,4325,4440,4373,4374
?????,13940707,20150929,59,160830,691912268,4374,4320,4261,4380,4359,4383
?????,13940706,20150928,88,282124,1211922746,4383,4258,4255,4386,4350,4404
?????,13940705,20150927,89,375318,1623078141,4404,4300,4291,4400,4390,4432
?????,13940704,20150926,65,339561,1469292123,4432,4300,4300,4450,4449,4464
?????,13940701,20150923,83,195362,859244229,4464,4390,4332,4486,4470,4474
?????,13940631,20150922,48,124442,542944896,4474,4386,4310,4396,4379,4484
?????,13940630,20150921,143,325376,1413759989,4484,4350,4298,4489,4470,4524
?????,13940629,20150920,113,209633,926116378,4524,4400,4330,4585,4443,4542
?????,13940628,20150919,57,93813,416578533,4542,4401,4383,4527,4527,4549
?????,13940625,20150916,154,393752,1745415470,4549,4399,4371,4600,4445,4593
?????,13940624,20150915,41,83904,378461343,4593,4498,4462,4550,4480,4598
?????,13940623,20150914,106,375638,1706322975,4598,4455,4445,4600,4500,4618
?????,13940622,20150913,106,217314,990617804,4618,4500,4491,4694,4690,4629
?????,13940621,20150912,81,356490,1644305702,4629,4615,4500,4758,4749,4635
?????,13940618,20150909,71,303076,1413609632,4635,4670,4641,4739,4700,4627
?????,13940617,20150908,62,160381,751095584,4627,4671,4644,4760,4740,4620
?????,13940616,20150907,109,383218,1795239493,4620,4699,4643,4750,4740,4597
?????,13940615,20150906,134,638371,2957961197,4597,4700,4497,4750,4680,4567
?????,13940614,20150905,98,452341,2081700080,4567,4570,4520,4697,4680,4551
?????,13940611,20150902,72,236357,1078992861,4551,4562,4510,4640,4600,4548
?????,13940610,20150901,121,968124,4384018375,4548,4500,4435,4620,4589,4589
?????,13940609,20150831,105,250024,1122305094,4589,4420,4401,4690,4471,4610
?????,13940608,20150830,107,295630,1338312856,4610,4535,4450,4750,4750,4632
?????,13940607,20150829,77,348303,1611640021,4632,4624,4531,4800,4531,4634
?????,13940604,20150826,162,473465,2120835450,4634,4488,4474,4554,4550,4709
?????,13940603,20150825,154,540613,2470005726,4709,4554,4554,4646,4646,4793
?????,13940602,20150824,154,625564,2919490907,4793,4646,4646,4832,4832,4890
?????,13940601,20150823,69,139405,662765691,4890,4725,4725,4840,4825,4904
?????,13940531,20150822,102,267212,1271372453,4904,4740,4730,4840,4830,4937
?????,13940528,20150819,59,192909,928892671,4937,4826,4770,4845,4844,4956
?????,13940527,20150818,35,44432,215188329,4956,4805,4779,4910,4899,4960
?????,13940526,20150817,53,172109,832309108,4960,4788,4778,4938,4934,4977
?????,13940525,20150816,153,417816,2016528096,4977,4800,4800,4973,4972,5039
?????,13940524,20150815,107,279613,1368070500,5039,4880,4841,4980,4977,5074
?????,13940521,20150812,74,227001,1125635006,5074,4980,4903,5079,5070,5095
?????,13940519,20150810,66,273937,1393040042,5095,5020,4974,5149,5130,5097
?????,13940518,20150809,77,705131,3577111969,5097,5026,5018,5200,5123,5121
?????,13940517,20150808,140,913477,4693622990,5121,5000,4910,5266,5100,5091
?????,13940514,20150805,155,869848,4470860214,5091,5167,4970,5200,5032,5016
?????,13940513,20150804,126,974394,4896748055,5016,4910,4897,5240,4897,4997
?????,13940512,20150803,161,328952,1610895411,4997,4822,4822,5000,4951,5027
?????,13940511,20150802,93,328720,1648207318,5027,4951,4951,5050,5030,5031
?????,13940510,20150801,139,360022,1818336392,5031,4984,4970,5150,5050,5025
?????,13940507,20150729,139,551675,2788423785,5025,5059,5002,5100,5030,5007
?????,13940506,20150728,346,3836359,19209471178,5007,5007,4998,5090,4998,5261
?????,13940505,20150727,32,339364,1716503112,5261,5058,5058,5058,5058,5324
?????,13940504,20150726,47,159267,810191229,5324,5087,5087,5087,5087,5354
?????,13940503,20150725,72,170663,873992897,5354,5116,5116,5441,5440,5385
?????,13940431,20150722,137,1240970,6648656355,5385,5279,5279,5445,5352,5556
?????,13940430,20150721,104,397127,2171781421,5556,5450,5400,5679,5402,5589
?????,13940429,20150720,78,244223,1335391940,5589,5490,5400,5587,5400,5614
?????,13940428,20150719,0,0,0,5614,5560,0,0,0,5614
?????,13940424,20150715,145,543630,3011674457,5614,5560,5481,5859,5859,5659
?????,13940423,20150714,170,415223,2360549303,5659,5700,5600,5914,5914,5648
?????,13940422,20150713,257,1351426,7642690300,5648,5630,5580,5800,5710,5541
?????,13940421,20150712,135,390074,2201895398,5541,5620,5551,5777,5700,5502
?????,13940420,20150711,101,166651,939481362,5502,5650,5304,5740,5304,5484
?????,13940416,20150707,203,458774,2569775309,5484,5600,5502,5670,5600,5429
?????,13940415,20150706,186,822345,4526718495,5429,5551,5300,5551,5499,5329
?????,13940414,20150705,206,1161689,6246460384,5329,5385,5260,5385,5385,5129
?????,13940413,20150704,103,621725,3276870343,5129,5272,5203,5272,5203,5021
?????,13940410,20150701,161,478334,2428147951,5021,5120,5002,5145,5120,4994
?????,13940409,20150630,140,687234,3460164886,4994,5139,4932,5139,4932,4956
?????,13940408,20150629,61,105397,523416968,4956,4940,4915,5045,4998,4955
?????,13940407,20150628,86,458300,2276750570,4955,4921,4911,5094,5094,4949
?????,13940406,20150627,86,302994,1510205404,4949,4999,4931,5000,4999,4940
?????,13940403,20150624,121,479419,2389498881,4940,4930,4930,5081,5081,4918
?????,13940402,20150623,128,425487,2118625531,4918,4998,4900,5079,4981,4892
?????,13940401,20150622,97,764900,3760151394,4892,4939,4875,4948,4888,4866
?????,13940331,20150621,70,144270,704156032,4866,4872,4839,4930,4839,4864
?????,13940330,20150620,112,256666,1247998128,4864,4839,4800,4981,4920,4864
?????,13940327,20150617,108,391305,1934506724,4864,4944,4860,4997,4890,4834
?????,13940326,20150616,96,313861,1510641870,4834,4838,4750,4900,4900,4840
?????,13940325,20150615,22,148636,715441392,4840,4721,4720,4850,4850,4843
?????,13940324,20150614,46,188272,903057920,4843,4819,4706,4839,4839,4850
?????,13940323,20150613,34,137183,650494846,4850,4765,4704,4861,4861,4861
?????,13940320,20150610,73,91123,436780653,4861,4799,4671,4827,4750,4866
?????,13940319,20150609,112,239835,1131295818,4866,4749,4668,4899,4800,4896
?????,13940318,20150608,64,137790,665150228,4896,4835,4800,4895,4800,4903
?????,13940317,20150607,92,196359,950328194,4903,4840,4755,4956,4956,4913
?????,13940316,20150606,132,382797,1872160069,4913,4910,4852,4978,4922,4921
?????,13940312,20150602,55,187039,916621645,4921,4900,4850,4980,4980,4924
?????,13940311,20150601,87,355652,1740508941,4924,4924,4821,4997,4997,4934
?????,13940310,20150531,116,260205,1283768223,4934,4911,4900,4999,4999,4928
?????,13940309,20150530,0,0,0,4928,5991,0,0,0,4928
?????,13940306,20150527,0,0,0,5928,5991,0,0,0,5928
?????,13940305,20150526,0,0,0,5928,5991,0,0,0,5928
?????,13940304,20150525,304,2235984,13254206751,5928,5991,5900,5999,5930,5906
?????,13940303,20150524,221,1142589,6734975600,5906,5861,5850,5929,5923,5952
?????,13940302,20150523,150,634698,3773177317,5952,5880,5880,5998,5994,5958
?????,13940230,20150520,143,472760,2829968327,5958,5988,5926,6038,6038,5945
?????,13940229,20150519,166,480220,2870949359,5945,5960,5920,6050,5990,5929
?????,13940228,20150518,124,412107,2457568940,5929,5930,5918,6015,6015,5915
?????,13940227,20150517,248,761788,4506984109,5915,5964,5831,6110,6110,5913
?????,13940223,20150513,278,871188,5220847416,5913,6022,5899,6022,5960,5791
?????,13940222,20150512,178,528055,3090104462,5791,5820,5760,5940,5870,5756
?????,13940221,20150511,209,741209,4311978393,5756,5800,5603,5898,5679,5690
?????,13940220,20150510,95,194082,1084812462,5690,5601,5521,5650,5590,5706
?????,13940219,20150509,166,626609,3521376388,5706,5620,5562,5890,5890,5772
?????,13940216,20150506,177,611293,3567130797,5772,5780,5544,5950,5709,5725
?????,13940215,20150505,364,2374216,13592209090,5725,5750,5718,5800,5718,5956
?????,13940214,20150504,87,1299348,7707732336,5956,5932,5932,5932,5932,6179
?????,13940213,20150503,14,28918,171686166,6179,5937,5937,5937,5937,6184
?????,13940209,20150429,16,45821,272405845,6184,5945,5945,5945,5945,6192
?????,13940208,20150428,14,22437,133477713,6192,5949,5949,5949,5949,6196
?????,13940207,20150427,19,42949,255761295,6196,5955,5955,5955,5955,6203
?????,13940206,20150426,19,47995,286194185,6203,5963,5963,5963,5963,6211
?????,13940205,20150425,28,189530,1136232350,6211,5995,5995,5995,5995,6244
?????,13940202,20150422,28,57278,343897112,6244,6004,6004,6004,6004,6254
?????,13940201,20150421,35,132972,801289272,6254,6026,6026,6026,6026,6277
?????,13940131,20150420,47,254904,1547267280,6277,6070,6070,6070,6070,6322
?????,13940130,20150419,34,66666,405395946,6322,6081,6081,6081,6081,6334
?????,13940129,20150418,283,941362,5925232701,6334,6154,6154,6500,6500,6410
?????,13940126,20150415,641,2559846,16407916371,6410,6370,6251,6445,6445,6198
?????,13940125,20150414,34,560450,3557176150,6198,6347,6347,6347,6347,6103
?????,13940124,20150413,328,1105700,6796473840,6103,6196,6005,6196,6100,5958
?????,13940123,20150412,632,3875249,23090616887,5958,5968,5822,5968,5968,5739
?????,13940122,20150411,24,309995,1834240415,5739,5917,5917,5917,5917,5690
?????,13940119,20150408,22,279810,1642764510,5690,5871,5871,5871,5871,5646
?????,13940118,20150407,62,619597,3576313884,5646,5772,5772,5772,5772,5550
?????,13940117,20150406,44,342502,1958083934,5550,5717,5717,5717,5717,5498
?????,13940116,20150405,36,474862,2679646266,5498,5643,5643,5643,5643,5426
?????,13940115,20150404,12,301674,1688167704,5426,5596,5596,5596,5596,5381
?????,13940111,20150331,129,297449,1648992705,5381,5551,5500,5551,5530,5338
?????,13940110,20150330,89,158289,866535193,5338,5480,5400,5521,5402,5321
?????,13940109,20150329,147,378934,2069832193,5321,5370,5370,5481,5479,5271
?????,13940108,20150328,90,309702,1682904716,5271,5435,5409,5435,5428,5226
?????,13940105,20150325,80,108283,585233753,5226,5419,5200,5419,5200,5211
